{
  "sheetsById": {
    "Scene": {
      "staticOverrides": {
        "byObject": {
          "asset-1": {
            "scale": {
              "x": 3,
              "y": 3,
              "z": 3
            },
            "position": {
              "z": -6.550000000000009,
              "y": 0.1700000000000004,
              "x": 0.21999999999999978
            },
            "rotation": {
              "x": 0,
              "y": 0,
              "z": 0
            }
          },
          "asset-2": {
            "position": {
              "z": -13.859999999999916,
              "y": -0.5899999999999876,
              "x": -0.5500000000000085
            },
            "scale": {
              "x": 8,
              "y": 8,
              "z": 8
            },
            "animations": {
              "Scene": {
                "progress": 1
              }
            },
            "rotation": {
              "y": 0,
              "x": 3.16,
              "z": 0
            },
            "responsive": "cover"
          },
          "camera": {
            "position": {
              "x": 0.5,
              "y": 0.2,
              "z": 5
            },
            "pan": {
              "min": -0.05,
              "max": 0.05
            },
            "tilt": {
              "min": -0.019999999999999997,
              "max": 0.01999999999999999
            },
            "fov": 30
          },
          "asset-3": {
            "position": {
              "z": -23.290000000000013,
              "x": -3.530000000000011,
              "y": -0.8999999999999985
            },
            "scale": {
              "x": 12,
              "z": 12,
              "y": 12
            }
          },
          "light-1": {
            "intensity": 29.099999999999927,
            "distance": 3.1000000000000036,
            "display": true,
            "position": {
              "x": -0.43000000000000005,
              "y": -0.619999999999999,
              "z": -5.019999999999996
            },
            "color": {
              "r": 0.47843137254901963,
              "g": 0.6470588235294118,
              "b": 0.6470588235294118,
              "a": 1
            }
          },
          "particles": {
            "enabled": true,
            "scale": {
              "x": 5,
              "y": 5,
              "z": 5
            },
            "blur": 0.23999999999999988,
            "position": {
              "z": -8.999999999999996
            },
            "size": 0.4200000000000002,
            "blink": {
              "speed": 2,
              "min": 0
            },
            "speed": 1,
            "count": 50
          }
        }
      },
      "sequence": {
        "subUnitsPerUnit": 30,
        "length": 10,
        "type": "PositionalSequence",
        "tracksByObject": {
          "camera": {
            "trackData": {
              "Zy7q_BOMq7": {
                "type": "BasicKeyframedTrack",
                "__debugName": "camera:[\"position\",\"x\"]",
                "keyframes": [
                  {
                    "id": "GxfdcjYBj9",
                    "position": 0,
                    "connectedRight": true,
                    "handles": [
                      0.5,
                      1,
                      0.215,
                      0.61
                    ],
                    "type": "bezier",
                    "value": -2.2099999999999995
                  },
                  {
                    "id": "EOb7rJi-Dh",
                    "position": 4.933,
                    "connectedRight": true,
                    "handles": [
                      0.355,
                      1,
                      0.5,
                      0
                    ],
                    "type": "bezier",
                    "value": 0
                  }
                ]
              },
              "otw8SZhyvA": {
                "type": "BasicKeyframedTrack",
                "__debugName": "camera:[\"position\",\"y\"]",
                "keyframes": [
                  {
                    "id": "FCeXvEXdLv",
                    "position": 0,
                    "connectedRight": true,
                    "handles": [
                      0.5,
                      1,
                      0.215,
                      0.61
                    ],
                    "type": "bezier",
                    "value": 5.499999999999986
                  },
                  {
                    "id": "f9AR0PV2Ds",
                    "position": 4.933,
                    "connectedRight": true,
                    "handles": [
                      0.355,
                      1,
                      0.5,
                      0
                    ],
                    "type": "bezier",
                    "value": -2.549999999999995
                  }
                ]
              },
              "HbvewB9y1w": {
                "type": "BasicKeyframedTrack",
                "__debugName": "camera:[\"position\",\"z\"]",
                "keyframes": [
                  {
                    "id": "5EXVpnTwc4",
                    "position": 0,
                    "connectedRight": true,
                    "handles": [
                      0.5,
                      1,
                      0.215,
                      0.61
                    ],
                    "type": "bezier",
                    "value": 0.7900000000000702
                  },
                  {
                    "id": "IX8xA9dokk",
                    "position": 4.933,
                    "connectedRight": true,
                    "handles": [
                      0.355,
                      1,
                      0.5,
                      0
                    ],
                    "type": "bezier",
                    "value": 9.56916802924211
                  }
                ]
              },
              "q5vMl5313w": {
                "type": "BasicKeyframedTrack",
                "__debugName": "camera:[\"target\",\"x\"]",
                "keyframes": [
                  {
                    "id": "8hxrDZlYA1",
                    "position": 0,
                    "connectedRight": true,
                    "handles": [
                      0.5,
                      1,
                      0.215,
                      0.61
                    ],
                    "type": "bezier",
                    "value": 0.4100000000000001
                  },
                  {
                    "id": "jQBmPMhs6Z",
                    "position": 4.933,
                    "connectedRight": true,
                    "handles": [
                      0.355,
                      1,
                      0.5,
                      0
                    ],
                    "type": "bezier",
                    "value": 0
                  }
                ]
              },
              "ddBOWZB3Oi": {
                "type": "BasicKeyframedTrack",
                "__debugName": "camera:[\"target\",\"y\"]",
                "keyframes": [
                  {
                    "id": "XwQ4JNYRxl",
                    "position": 0,
                    "connectedRight": true,
                    "handles": [
                      0.5,
                      1,
                      0.215,
                      0.61
                    ],
                    "type": "bezier",
                    "value": 2.810000000000001
                  },
                  {
                    "id": "KnLhwlINHS",
                    "position": 4.933,
                    "connectedRight": true,
                    "handles": [
                      0.355,
                      1,
                      0.5,
                      0
                    ],
                    "type": "bezier",
                    "value": -0.740260210623271
                  }
                ]
              },