{
  "sheetsById": {
    "Scene": {
      "staticOverrides": {
        "byObject": {
          "asset-2": {
            "scale": {
              "x": 6,
              "y": 6,
              "z": 6
            },
            "position": {
              "z": -7.570000000000002,
              "y": -0.2299999999999999
            },
            "responsive": "cover",
            "rotation": {
              "z": 0,
              "x": 3.16
            }
          },
          "camera": {
            "target": {
              "x": 0,
              "y": 0,
              "z": 1
            },
            "position": {
              "x": 0,
              "y": -0.10000000000000003,
              "z": 5
            },
            "tilt": {
              "min": -0.019999999999999997,
              "max": 0.019999999999999997
            },
            "pan": {
              "min": -0.05,
              "max": 0.05
            }
          },
          "asset-1": {
            "animations": {
              "Horse_eyeAction": {
                "loop": true,
                "progress": 0
              }
            },
            "position": {
              "x": -0.3400000000000001,
              "y": 0.1365263440343264,
              "z": -0.24237718003774544
            },
            "rotation": {
              "x": 0.08,
              "y": 0,
              "z": -0.022193928310529354
            }
          },
          "particles": {
            "enabled": true,
            "size": 0.11999999999999901,
            "count": 200,
            "position": {
              "z": -4.1999999999999975
            },
            "scale": {
              "x": 4,
              "y": 4,
              "z": 4
            },
            "blur": 0.2299999999999998,
            "color": {
              "r": 0.7686274509803922,
              "g": 0.7490196078431373,
              "b": 0.7098039215686275,
              "a": 1
            },
            "blink": {
              "speed": 2,
              "min": 0
            },
            "turbulence": 0.5,
            "speed": 1,
            "opacity": 0.9000000000000002
          },
          "environment": {
            "sunSize": 0.001,
            "sunColor": {
              "r": 0,
              "g": 0,
              "b": 0,
              "a": 1
            }
          },
          "light-2": {
            "distance": 0.1
          },
          "light-1": {
            "distance": 0.1
          },
          "butterflies": {
            "enabled": true,
            "speed": 2,
            "scale": 0.04,
            "position": {
              "z": 2.2000000000000037
            },
            "hue": -2.850000000000001,
            "count": 2,
            "boundaryRadius": 12,
            "opacity": 0.8
          }
        }
      },
      "sequence": {
        "subUnitsPerUnit": 30,
        "length": 10,
        "type": "PositionalSequence",
        "tracksByObject": {
          "asset-1": {
            "trackData": {
              "lFDFca9-Wo": {
                "type": "BasicKeyframedTrack",
                "__debugName": "asset-1:[\"visibility\"]",
                "keyframes": [
                  {
                    "id": "ItBUCYGLfA",
                    "position": 2.167,
                    "connectedRight": true,
                    "handles": [
                      0.5,
                      1,
                      0.5,
                      0
                    ],
                    "type": "bezier",
                    "value": 1
                  }
                ]
              },
              "R0AMCdO8Wn": {
                "type": "BasicKeyframedTrack",
                "__debugName": "asset-1:[\"animations\",\"shopappbody\",\"progress\"]",
                "keyframes": [
                  {
                    "id": "-e2ClH-3N4",
                    "position": 0,
                    "connectedRight": true,
                    "handles": [
                      0.5,
                      1,
                      0.589,
                      0.313
                    ],
                    "type": "bezier",
                    "value": 0
                  },
                  {
                    "id": "YKXhjAVFYM",
                    "position": 3.133,
                    "connectedRight": true,
                    "handles": [
                      0.51,
                      0.955,
                      0.5,
                      0
                    ],
                    "type": "bezier",
                    "value": 1
                  }
                ]
              },
              "iDewtZhciq": {
                "type": "BasicKeyframedTrack",
                "__debugName": "asset-1:[\"animations\",\"shopapp_arm\",\"progress\"]",
                "keyframes": [
                  {
                    "id": "deCRMW8NhT",
                    "position": 0,
                    "connectedRight": true,
                    "handles": [
                      0.5,
                      1,
                      0.589,
                      0.313
                    ],
                    "type": "bezier",
                    "value": 0
                  },
                  {
                    "id": "aWISWDlZPn",
                    "position": 3.133,
                    "connectedRight": true,
                    "handles": [
                      0.51,
                      0.955,
                      0.5,
                      0
                    ],
                    "type": "bezier",
                    "value": 1
                  }
                ]
              },
              "rXwfwVZlSD": {
                "type": "BasicKeyframedTrack",
                "__debugName": "asset-1:[\"animations\",\"shopapphandAction\",\"progress\"]",
                "keyframes": [
                  {
                    "id": "Ai8LJanUqe",
                    "position": 0,
                    "connectedRight": true,
                    "handles": [
                      0.5,
                      1,
                      0.589,
                      0.313
                    ],
                    "type": "bezier",
                    "value": 0
                  },
                  {
                    "id": "pL9T4DDX4v",
                    "position": 3.133,
                    "connectedRight": true,
                    "handles": [
                      0.51,
                      0.955,
                      0.5,
                      0
                    ],
                    "type": "bezier",
                    "value": 1
                  }
                ]
              },
              "l6Gghs6N11": {
                "type": "BasicKeyframedTrack",
                "__debugName": "asset-1:[\"animations\",\"shopapp_phone\",\"progress\"]",
                "keyframes": [
                  {
                    "id": "rrbwJqPx5B",
                    "position": 0,
                    "connectedRight": true,
                    "handles": [
                      0.5,
                      1,
                      0.589,
                      0.313
                    ],
                    "type": "bezier",
                    "value": 0
                  },
                  {
                    "id": "iG7hq_olnB",
                    "position": 3.133,
                    "connectedRight": true,
                    "handles": [
                      0.51,
                      0.955,
                      0.5,
                      0
                    ],
                    "type": "bezier",
                    "value": 1
                  }
                ]
              }
            },